{"daily_date": "2025-03-09", "daily_seconds": 1.3115828037261963, "running": false, "elapsed_time": 1.3115828037261963, "last_start_time": 1741472272.2751114, "laps": [], "session_init_time": 1741472271.264122}